{"cameraMode":{"drawMode":0,"name":"Shaded","section":"Shading Mode"},"sceneLighting":false,"audioPlay":false,"sceneViewState":{"showFog":true,"showMaterialUpdate":false,"showSkybox":true,"showFlares":true,"showImageEffects":true,"showParticleSystems":true},"in2DMode":false,"pivot":{"x":-1.47076416015625,"y":-1.1523213386535645,"z":-1.0071706771850587},"rotation":{"x":-0.2678084373474121,"y":0.32206928730010989,"z":-0.09551700949668884,"w":-0.9030101895332336},"size":7.773879528045654,"orthographic":false}